mean,scale
1.0860170642299454,2.2930578161857444
-4.7494348615498945,1.965556567829739
