mean,scale
2.4284299631312676,2.7569217855684838
