"n","p","d1","d2","d3","d4","d5","d_5","d_4","d_3","d_2","d_1","glmnet_df.plam","glmnet_df.thresh"
1500,1200,2.99995908207701,2.99983633527278,2.99963178047849,2.99934545250299,2.99897740005794,0.33333384074758,0.333335362996111,0.3333379000963,0.333341452077107,0.333346018979069,600,1e-07
