mean,scale
1.7869133979180651,1.3373796314106605
1.0236835191746405,2.280136490996192
-4.751843909340672,1.9625694237123117
