mean,scale
2.3604967627100497,2.7544579090385475
1.7210182272637113,1.3744891394868568
-0.05607828007341275,1.3814264543437378
1.9838014283127827,1.252471227594808
-3.3914874697623896,1.7592303390540198
